factor,block_id,group,level,response,mean_response_pct,gamma_pct_point,block_grand_mean_pct,common_temperatures_c,curves_cross,rank_order_stable,response_250c_pct,response_275c_pct,response_300c_pct,response_350c_pct,temperature_mean_250c_pct,temperature_mean_275c_pct,temperature_mean_300c_pct,temperature_mean_350c_pct,response_400c_pct,temperature_mean_400c_pct
co_loading_wt_pct,co_loading_wt_pct:1,A4,0.5,X_EtOH,26.52,1.41,25.11,250/275/300/350,True,False,4.02,12.10,29.48,60.47,6.02,11.98,27.21,55.23,,
co_loading_wt_pct,co_loading_wt_pct:1,A1,1,X_EtOH,14.92,-10.19,25.11,250/275/300/350,True,False,2.07,5.85,14.97,36.80,6.02,11.98,27.21,55.23,,
co_loading_wt_pct,co_loading_wt_pct:1,A2,2,X_EtOH,32.15,7.04,25.11,250/275/300/350,True,False,4.60,17.20,38.92,67.88,6.02,11.98,27.21,55.23,,
co_loading_wt_pct,co_loading_wt_pct:1,A6,5,X_EtOH,26.85,1.74,25.11,250/275/300/350,True,False,13.39,12.78,25.48,55.76,6.02,11.98,27.21,55.23,,
co_loading_wt_pct,co_loading_wt_pct:1,A4,0.5,S_C4,14.05,-7.46,21.51,250/275/300/350,False,True,9.62,8.62,10.72,27.25,16.26,17.61,21.11,31.05,,
co_loading_wt_pct,co_loading_wt_pct:1,A1,1,S_C4,41.41,19.90,21.51,250/275/300/350,False,True,34.05,37.43,46.94,47.21,16.26,17.61,21.11,31.05,,
co_loading_wt_pct,co_loading_wt_pct:1,A2,2,S_C4,23.51,2.01,21.51,250/275/300/350,False,True,18.07,17.28,19.60,39.10,16.26,17.61,21.11,31.05,,
co_loading_wt_pct,co_loading_wt_pct:1,A6,5,S_C4,7.06,-14.45,21.51,250/275/300/350,False,True,3.30,7.10,7.18,10.65,16.26,17.61,21.11,31.05,,
total_catalyst_mg,total_catalyst_mg:3,B3,20,X_EtOH,5.85,-7.72,13.58,250/275/300/350/400,False,False,0.39,0.62,1.15,6.01,1.58,3.41,5.95,15.64,21.10,41.31
total_catalyst_mg,total_catalyst_mg:3,B4,50,X_EtOH,9.56,-4.02,13.58,250/275/300/350/400,False,False,0.54,1.11,3.01,9.64,1.58,3.41,5.95,15.64,33.49,41.31
total_catalyst_mg,total_catalyst_mg:3,B1,100,X_EtOH,14.89,1.31,13.58,250/275/300/350/400,False,False,1.41,3.42,6.72,19.31,1.58,3.41,5.95,15.64,43.60,41.31
total_catalyst_mg,total_catalyst_mg:3,B6,150,X_EtOH,22.63,9.06,13.58,250/275/300/350/400,False,False,2.77,7.51,12.62,27.03,1.58,3.41,5.95,15.64,63.25,41.31
total_catalyst_mg,total_catalyst_mg:3,B2,200,X_EtOH,14.94,1.37,13.58,250/275/300/350/400,False,False,2.76,4.40,6.22,16.19,1.58,3.41,5.95,15.64,45.14,41.31
total_catalyst_mg,total_catalyst_mg:3,B3,20,S_C4,10.17,-3.74,13.91,250/275/300/350/400,True,False,2.85,5.35,7.61,13.81,4.71,6.00,8.61,19.63,21.21,30.58
total_catalyst_mg,total_catalyst_mg:3,B4,50,S_C4,10.57,-3.34,13.91,250/275/300/350/400,True,False,6.62,6.62,5.05,13.10,4.71,6.00,8.61,19.63,21.45,30.58
total_catalyst_mg,total_catalyst_mg:3,B1,100,S_C4,18.78,4.87,13.91,250/275/300/350/400,True,False,6.32,8.25,12.28,25.97,4.71,6.00,8.61,19.63,41.08,30.58
total_catalyst_mg,total_catalyst_mg:3,B6,150,S_C4,14.19,0.28,13.91,250/275/300/350/400,True,False,4.50,4.79,8.77,22.41,4.71,6.00,8.61,19.63,30.48,30.58
total_catalyst_mg,total_catalyst_mg:3,B2,200,S_C4,15.83,1.92,13.91,250/275/300/350/400,True,False,3.26,4.97,9.32,22.88,4.71,6.00,8.61,19.63,38.70,30.58
ratio_key,ratio_key:1,A14,33:67,X_EtOH,19.13,3.50,15.62,250/275/300/350/400,False,True,2.49,5.33,10.15,24.03,1.76,3.70,7.04,19.53,53.62,46.07
ratio_key,ratio_key:1,A12,1:1,X_EtOH,15.26,-0.37,15.62,250/275/300/350/400,False,True,1.44,3.47,6.91,19.91,1.76,3.70,7.04,19.53,44.53,46.07
ratio_key,ratio_key:1,A13,67:33,X_EtOH,12.48,-3.14,15.62,250/275/300/350/400,False,True,1.35,2.31,4.07,14.64,1.76,3.70,7.04,19.53,40.05,46.07
ratio_key,ratio_key:1,A14,33:67,S_C4,8.24,-5.24,13.48,250/275/300/350/400,True,False,1.89,2.55,3.61,10.83,4.42,6.09,9.19,18.85,22.30,28.84
ratio_key,ratio_key:1,A12,1:1,S_C4,16.81,3.33,13.48,250/275/300/350/400,True,False,6.17,8.11,11.22,22.26,4.42,6.09,9.19,18.85,36.30,28.84
ratio_key,ratio_key:1,A13,67:33,S_C4,15.38,1.91,13.48,250/275/300/350/400,True,False,5.19,7.62,12.74,23.46,4.42,6.09,9.19,18.85,27.91,28.84
ethanol_feed_ml_min,ethanol_feed_ml_min:3,A7,0.3,X_EtOH,44.66,20.68,23.98,250/275/300/350/400,True,False,19.66,29.04,39.98,58.60,7.35,11.07,16.20,30.91,76.03,54.37
ethanol_feed_ml_min,ethanol_feed_ml_min:3,A8,0.9,X_EtOH,23.21,-0.77,23.98,250/275/300/350/400,True,False,6.27,8.76,13.18,31.72,7.35,11.07,16.20,30.91,56.12,54.37
ethanol_feed_ml_min,ethanol_feed_ml_min:3,A12,1.68,X_EtOH,15.26,-8.73,23.98,250/275/300/350/400,True,False,1.44,3.47,6.91,19.91,7.35,11.07,16.20,30.91,44.53,54.37
ethanol_feed_ml_min,ethanol_feed_ml_min:3,A9,2.1,X_EtOH,12.79,-11.19,23.98,250/275/300/350/400,True,False,2.05,3.00,4.73,13.39,7.35,11.07,16.20,30.91,40.80,54.37
ethanol_feed_ml_min,ethanol_feed_ml_min:3,A7,0.3,S_C4,14.61,-3.22,17.83,250/275/300/350/400,True,False,5.75,6.56,8.84,18.64,5.74,8.22,12.50,24.46,33.25,38.25
ethanol_feed_ml_min,ethanol_feed_ml_min:3,A8,0.9,S_C4,19.06,1.22,17.83,250/275/300/350/400,True,False,5.63,8.52,13.82,25.89,5.74,8.22,12.50,24.46,41.42,38.25
ethanol_feed_ml_min,ethanol_feed_ml_min:3,A12,1.68,S_C4,16.81,-1.02,17.83,250/275/300/350/400,True,False,6.17,8.11,11.22,22.26,5.74,8.22,12.50,24.46,36.30,38.25
ethanol_feed_ml_min,ethanol_feed_ml_min:3,A9,2.1,S_C4,20.85,3.02,17.83,250/275/300/350/400,True,False,5.40,9.68,16.10,31.04,5.74,8.22,12.50,24.46,42.04,38.25
