group,response,degree,tc_c,beta0,beta1,beta2,r2,rmse_loo,range_min,range_max
A1,X_EtOH,1,300.0000000000,15.8740315992,16.6594666307,,0.9321734622,6.5352499401,-0.7854350315,32.5334982299
A1,X_EtOH,2,300.0000000000,12.6932444887,16.6594666307,6.3615742212,0.9797476947,5.2920572345,2.3953520791,35.7142853405
A1,S_C4,1,300.0000000000,43.0660000000,7.7180000000,,0.7869171287,5.2148626515,35.3480000000,50.7840000000
A1,S_C4,2,300.0000000000,45.7074285714,7.7180000000,-5.2828571429,0.9159573883,6.9303611070,32.7065714286,48.5263229257
A2,X_EtOH,1,300.0000000000,36.9965074853,33.1479036694,,0.9900063328,3.9700970742,3.8486038159,70.1444111546
A2,X_EtOH,2,300.0000000000,37.9190651696,33.1479036694,-1.8451153685,0.9910799289,9.0058722188,2.9260461317,69.2218534704
A2,S_C4,1,300.0000000000,24.9340000000,11.0800000000,,0.8359282345,6.6967497085,13.8540000000,36.0140000000
A2,S_C4,2,300.0000000000,21.0425714286,11.0800000000,7.7828571429,0.9802844991,3.9178138788,17.0990841600,39.9054285714
A3,X_EtOH,1,350.0000000000,50.9646206414,20.9782442608,,0.9642750459,8.6928845704,9.0081321199,92.9211091629
A3,X_EtOH,2,350.0000000000,52.4194065728,20.9831179155,-0.8139003368,0.9663196405,15.5458888555,7.1975693946,91.1300410565
A3,S_C4,1,350.0000000000,32.2242514970,13.0598802395,,0.9128147356,9.4393582906,6.1044910180,58.3440119760
A3,S_C4,2,350.0000000000,36.4562060671,13.0740576418,-2.3676261749,0.9550750403,11.7266470965,0.8375860840,53.1338166511
A4,X_EtOH,1,325.0000000000,44.4854500678,29.0855923339,,0.9950303852,3.2634623745,0.8570615668,88.1138385687
A4,X_EtOH,2,325.0000000000,43.5732494228,29.0855923339,0.9122006450,0.9959112389,7.0274328258,1.9973123730,89.2540893749
A4,S_C4,1,325.0000000000,21.2418571429,11.3311428571,,0.9173006202,5.9322386504,4.2451428571,38.2385714286
A4,S_C4,2,325.0000000000,18.2070952381,11.3311428571,3.0347619048,0.9765189309,7.8518399525,8.0385952381,42.0320238095
A5,X_EtOH,1,325.0000000000,34.9321962628,20.3931099763,,0.8733798652,15.6541488962,4.3425312983,65.5218612273
A5,X_EtOH,2,325.0000000000,26.9427168467,20.3931099763,7.9894794161,0.9940266428,4.3322550422,13.9294111956,75.5087104974
A5,S_C4,1,325.0000000000,16.8425714286,11.4854285714,,0.9400909538,5.7541572495,-0.3855714286,34.0707142857
A5,S_C4,2,325.0000000000,14.0378095238,11.4854285714,2.8047619048,0.9905466232,5.1428471236,3.1203809524,37.5766666667
A6,X_EtOH,1,325.0000000000,43.1657836765,25.0766712664,,0.9674493094,9.0796510104,5.5507767769,80.7807905762
A6,X_EtOH,2,325.0000000000,38.1419628194,24.9331335276,4.1625944245,0.9860317820,14.6280662988,10.1080999830,84.9075005660
A6,S_C4,1,325.0000000000,15.1393103448,10.1365517241,,0.7839555136,12.4988494776,-0.0655172414,30.3441379310
A6,S_C4,2,325.0000000000,8.4898507463,9.9465671642,5.5095522388,0.9454026727,13.7517420780,4.0006776119,35.8061940299
A7,X_EtOH,1,325.0000000000,48.4389726640,18.8768364786,,0.9987862714,1.4011684237,20.1237179460,76.7542273819
A7,X_EtOH,2,325.0000000000,49.2677369540,18.9005154583,-0.6866904118,0.9997076179,0.8548249722,19.3719103401,76.0734567151
A7,S_C4,1,325.0000000000,16.4768965517,9.3444827586,,0.9373790252,5.5237806309,2.4601724138,30.4936206897
A7,S_C4,2,325.0000000000,12.9953731343,9.2450106610,2.8846908316,0.9996506368,0.9057933625,5.6184115139,33.3534434968
A8,X_EtOH,1,325.0000000000,26.6050228176,16.9817066126,,0.9548150736,8.2997184784,1.1324628988,52.0775827365
A8,X_EtOH,2,325.0000000000,21.3220817642,16.8307654396,4.3772940157,0.9990387554,2.6245377216,5.9248451401,56.4171414590
A8,S_C4,1,325.0000000000,21.4786206897,12.1131034483,,0.9832307582,3.6404734261,3.3089655172,39.6482758621
A8,S_C4,2,325.0000000000,19.2244776119,12.0486993603,1.8677185501,0.9995257568,0.9321472637,5.3537953092,41.4998933902
A9,X_EtOH,1,325.0000000000,15.2860086742,12.4552018432,,0.8481841872,12.5404357731,-3.3967940906,33.9688114390
A9,X_EtOH,2,325.0000000000,7.9172212373,12.2446650593,6.1055667334,0.9902623905,6.9077467565,1.7780802705,40.0217439764
A9,S_C4,1,325.0000000000,23.3900000000,12.6900000000,,0.9948058661,1.6009027127,4.3550000000,42.4250000000
A9,S_C4,2,325.0000000000,23.2243283582,12.6852665245,0.1372707889,0.9948870105,4.6888502470,4.5052878465,42.5610874200
A10,X_EtOH,1,325.0000000000,9.9608006288,9.1706783310,,0.8516786112,9.0410876464,-3.7952168676,23.7168181253
A10,X_EtOH,2,325.0000000000,4.5415453219,9.0158424651,4.4902401115,0.9940093848,3.8939370207,0.0158902048,28.1683492703
A10,S_C4,1,325.0000000000,4.4367241379,2.5836206897,,0.7421095050,3.6434885944,0.5612931034,8.3121551724
A10,S_C4,2,325.0000000000,2.3290298507,2.5234008529,1.7463752665,0.9784686937,2.1518744739,1.4175021748,10.0434754797
A11,X_EtOH,1,325.0000000000,10.6982146786,10.3384377758,,0.8155025001,11.7124694003,-4.8094419852,26.2058713423
A11,X_EtOH,2,325.0000000000,3.8424170718,10.1425578442,5.6805180171,0.9871265727,6.7216191146,-0.6849551431,31.8374193764
A11,S_C4,1,325.0000000000,3.5589655172,2.5948275862,,0.9782162922,0.9015714459,-0.3332758621,7.4512068966
A11,S_C4,2,325.0000000000,3.0064179104,2.5790405117,0.4578251599,0.9994440464,0.2559926254,0.1679637527,7.9050852878
A12,X_EtOH,1,325.0000000000,18.1147296951,14.2966567355,,0.9274806003,9.4103923581,-3.3302554081,39.5597147983
A12,X_EtOH,2,325.0000000000,12.3726098585,14.1325961687,4.7577564361,0.9990829254,2.3208021752,1.8776646258,44.2764560927
A12,S_C4,1,325.0000000000,18.8608620690,10.2443103448,,0.9666130713,4.2780517554,3.4943965517,34.2273275862
A12,S_C4,2,325.0000000000,16.1394776119,10.1665565032,2.2548614072,0.9992578536,1.4250767125,5.9630810235,36.4627505330
A13,X_EtOH,1,325.0000000000,15.0159054929,12.6744635955,,0.8766214301,11.2337702437,-3.9957899003,34.0276008862
A13,X_EtOH,2,325.0000000000,8.2405042755,12.4808807036,5.6139038659,0.9965077721,4.1050425917,1.3036176477,39.5931090291
A13,S_C4,1,325.0000000000,17.0117241379,8.1386206897,,0.9767739013,2.6015233170,4.8037931034,29.2196551724
A13,S_C4,2,325.0000000000,17.8435820896,8.1623880597,-0.6892537313,0.9816574727,5.6908904352,4.0491791045,28.5363432836
A14,X_EtOH,1,325.0000000000,22.4844565883,16.7955674916,,0.9291052482,11.0354733135,-2.7088946492,47.6778078257
A14,X_EtOH,2,325.0000000000,15.9135538581,16.6078274136,5.4444622621,0.9971621841,4.7545935995,3.2518528275,53.0753350684
A14,S_C4,1,325.0000000000,9.6122413793,6.8812068966,,0.9199695105,4.6474351524,-0.7095689655,19.9340517241
A14,S_C4,2,325.0000000000,6.6882835821,6.7976652452,2.4227078891,0.9994632943,0.4223474659,1.9200421322,22.3358742004
B1,X_EtOH,1,325.0000000000,17.6856179123,13.9735610460,,0.9255646379,9.3370418898,-3.2747236566,38.6459594813
B1,X_EtOH,2,325.0000000000,12.0007899818,13.8111373908,4.7102859996,0.9988764535,2.5128033946,1.8768219834,43.3156395670
B1,S_C4,1,325.0000000000,21.1770689655,11.9853448276,,0.9717655227,4.3985372873,3.1990517241,39.1550862069
B1,S_C4,2,325.0000000000,18.3754477612,11.9052985075,2.3213432836,0.9971767720,3.3409162164,5.7405223881,41.4564179104
B2,X_EtOH,1,325.0000000000,17.6691900342,13.6344310046,,0.8635338695,12.8760693070,-2.7824564727,38.1208365411
B2,X_EtOH,2,325.0000000000,10.0883861911,13.4178366091,6.2812374700,0.9912902574,7.0686344571,2.9226669006,44.3479254122
B2,S_C4,1,325.0000000000,18.2672413793,12.2062068966,,0.9697964468,4.7257485948,-0.0420689655,36.5765517241
B2,S_C4,2,325.0000000000,15.2723880597,12.1206396588,2.4814498934,0.9977358429,3.0347394586,2.6746908316,39.0366098081
B3,X_EtOH,1,325.0000000000,6.5200254725,6.5655895346,,0.7923584662,6.7442611152,-3.3283588294,16.3684097744
B3,X_EtOH,2,325.0000000000,3.0506955835,6.5655895346,3.4693298889,0.9914752878,3.0544994035,-0.0555826468,20.7050721356
B3,S_C4,1,325.0000000000,10.7631428571,6.0088571429,,0.9427780123,2.3975231284,1.7498571429,19.7764285714
B3,S_C4,2,325.0000000000,9.5688571429,6.0088571429,1.1942857143,0.9762965197,1.6326167222,3.2427142857,21.2692857143
B4,X_EtOH,1,325.0000000000,10.7080288016,10.3879130068,,0.8087207023,10.1814119557,-4.8738407086,26.2898983118
B4,X_EtOH,2,325.0000000000,5.5664980055,10.3879130068,5.1415307961,0.9870280932,5.8709156310,0.3196060415,32.7168118069
B4,S_C4,1,325.0000000000,11.0477142857,5.1162857143,,0.8010277120,4.5833951002,3.3732857143,18.7221428571
B4,S_C4,2,325.0000000000,8.5439047619,5.1162857143,2.5038095238,0.9736842570,3.0610553662,5.9302567619,21.8519047619
B5,X_EtOH,1,325.0000000000,15.9960327271,13.5798307749,,0.8324871100,12.2073809066,-4.3737134353,36.3657788894
B5,X_EtOH,2,325.0000000000,9.7411585652,13.5798307749,6.2548741619,0.9914400133,6.2108878624,2.3704359107,44.1843715917
B5,S_C4,1,325.0000000000,12.9081428571,7.3088571429,,0.9557394839,3.1077522357,1.9448571429,23.8714285714
B5,S_C4,2,325.0000000000,11.2838571429,7.3088571429,1.6242857143,0.9982217759,0.8596466577,3.9752142857,25.9017857143
B6,X_EtOH,1,325.0000000000,24.7030904466,19.1857172668,,0.8834258401,13.7728452042,-4.0754854537,53.4816663468
B6,X_EtOH,2,325.0000000000,17.6706818820,19.1857172668,7.0324085646,0.9902488266,7.9479048128,4.5851622778,62.2721770526
B6,S_C4,1,325.0000000000,16.0874285714,9.5145714286,,0.9645566159,2.7777975597,1.8155714286,30.3592857143
B6,S_C4,2,325.0000000000,15.2721904762,9.5145714286,0.8152380952,0.9709298622,7.1452649370,2.8346190476,31.3783333333
B7,X_EtOH,1,325.0000000000,27.0642857143,20.9857142857,,0.8763216534,15.6203163388,-4.4142857143,58.5428571429
B7,X_EtOH,2,325.0000000000,18.8690476190,20.9857142857,8.1952380952,0.9965984055,5.1711498705,5.4344560190,68.7869047619
B7,S_C4,1,325.0000000000,19.4854285714,11.6825714286,,0.9888247384,2.3090453640,1.9615714286,37.0092857143
B7,S_C4,2,325.0000000000,18.3559047619,11.6825714286,1.1295238095,0.9971438264,2.2623410659,3.3734761905,38.4211904762
